Genre,Compositeur,Titre,Période,Formation,Remarque
Motet,Bruckner A.,Tantum ergo,Romantique,Chœur a capella,
Messe,Caldara A.,Missa brevis en sol majeur,Baroque,Chœur et instruments,
Musique d'ensemble,Cellier A.,Thème et variations sur le Psaume 149,Moderne,Trompette et orgue,
Musique d'ensemble,Corelli A.,La Follia,Baroque,Violon et orgue,
Clavier,Gabrieli A.,"Canzon francese detta ""Frais et Gaillard""",Renaissance,Clavecin,
Motet,Gabrieli A.,Benedictus Dominus,Renaissance,Chœur et instruments,
Musique d'ensemble,Hovhaness A.,Haroutiun,Moderne,Trompette et orgue,
Motet,Lotti A. ,Ave Regina coelorum,Baroque,Chœur a capella,
Motet,Pärt A.,Da pacem Domine,Contemporain,Chœur et instruments,
Musique d'ensemble,Pärt A.,Fratres,Contemporain,Ensemble instrumental,
Clavier,Raison A.,Messe du 1er ton,Baroque,Orgue,
Musique d'ensemble,Scarlatti A.,Sonate no1 en ré mineur,Baroque,Violoncelle et orgue,
Motet,Scarlatti A.,Exultate Deo,Baroque,Chœur a capella,
Cantate,Vivaldi A.,"Aure, voi più non sieste",Baroque,Chant et orgue,
Musique d'ensemble,Vivaldi A.,Sonate no9 en sol mineur RV 42,Baroque,Violoncelle et orgue,
Musique d'ensemble,Vivaldi A.,Quatre saisons op.8,Baroque,Ensemble instrumental,
Chant grégorien,Anonyme,Pater Noster,Médiéval,Chœur a capella,
Musique d'ensemble,Anonyme,Livre Vermeil,Médiéval,Chœur et instruments,Extraits
Clavier,Bettinelli B.,Toccata Fantasia,Contemporain,Orgue,
Motet,Britten B.,Hymn to the Virgin,Moderne,Chœur a capella,
Clavier,Britten B.,Prélude et Fugue sur un thème de Victoria,Moderne,Orgue,
Motet,Héritier B.,O croix plus noble que les cèdres,Contemporain,Chœur a capella,
Clavier,Pasquini B.,Toccata con lo scherzo del cucco,Baroque,Clavecin,
Oratorio,Britten B.,Saint Nicolas op. 42,Moderne,Chœur et instruments,
Motet,Byrd W.,"Alleluia, Ascendit Deus",Renaissance,Chœur et instruments,
Clavier,Byrd W.,The Quenn's alman,Renaissance,Clavecin,
Clavier,Balbastre C.,Quand Jésus naquit à Noël,Classique,Orgue,
Clavier,Balbastre C.,Marche des Marseillois et l'air ça ira,Classique,Orgue,
Cantate,Dubuis C.,Cantate de la Parole,Moderne,Chœur et instruments,
Oratorio,Frank C.,Les sept dernières paroles du Christ en croix,Romantique,Chœur et instruments,
Motet,Frank C.,Panis angelicus,Romantique,Chœur et orgue,
Clavier,Frank C.,Cantabile ,Romantique,Orgue,
Clavier,Frank C.,Pastorale op. 19,Romantique,Orgue,
Clavier,Frank C.,"Prélude, Fugue et Variation op.18",Romantique,Orgue,
Clavier,Frank C.,Choral no1 en mi majeur,Romantique,Orgue,
Motet,Gounod C.,Ave Maria,Romantique,Chant et orgue,
Messe,Gounod C.,Messe aux chapelles,Romantique,Chœur et orgue,
Messe,Gounod C.,Messe aux cathédrales,Romantique,Chœur et orgue,
Messe,Gounod C.,Salve Regina,Romantique,Chœur et orgue,
Motet,Haenni C.,Tantum ergo,Contemporain,Chœur a capella,
Clavier,Merulo C.,Toccata nona,Renaissance,Orgue,
Motet,Monteverdi C.,Laudate Dominum,Baroque,Chant et orgue,
Musique d'ensemble,Saint-Saëns C.,Introduction Rondo Capriccioso,Romantique,Violon et orgue,
Musique d'ensemble,Saint-Saëns C.,Prière op.158,Romantique,Violoncelle et orgue,
Messe,Schönherr C.,Missa in tempore incerto,Contemporain,Chœur et instruments,
Motet,Thiel C.,Der Morgenstern ist aufgedrungen,,Chœur a capella,
Clavier,Widor C.-M.,Toccata de la 5ème Symphonie,Romantique,Orgue,
Clavier,Widor C.-M.,Allegro de la 6ème Symphonie,Romantique,Orgue,
Oratorio,Cozzolani C.M.,Vêpres,Baroque,Chœur et instruments,
Clavier,Bach C.P.E,Sonate en ré majeur Wq.70,Classique,Orgue,
Clavier,Bach C.P.E,Aus der Tiefe rufe ich BWV 745,Baroque,Orgue,
Cantate,Bach C.P.E,Ich will den Namen des Herrn preisen ,Baroque,Chœur et instruments,
Cantate,Bach C.P.E,Magnificat,Baroque,Chœur et instruments,Extrait
Motet,Charpentier M.-A.,In nativitate Domini nostri,Baroque,Chœur et instruments,
Motet,Clérembault L.-N.,Hodie Christus natus est,Baroque,Chœur et instruments,
Motet,Clérembault L.-N.,"Domine, ante te omne desiderium meum",Baroque,Chœur et instruments,
Motet,Clérembault L.-N.,Ecce Deus Salvator meus,Baroque,Chœur et instruments,
Motet,Clérembault L.-N.,"Domine, refugium factus es nobis",Baroque,Chœur et instruments,
Motet,Clérembault L.-N.,"Domine, salvum fac regem",Baroque,Chœur et instruments,
Motet,Bortnianski D.,Tibie Paiom,Romantique,Chœur a capella,
Motet,Bortnianski D.,Ige Herouvimy,Romantique,Chœur a capella,
Clavier,Buxtehude D.,Nun komm der Heiden Heiland BuxWV 211,Baroque,Orgue,
Clavier,Buxtehude D.,Nun bitten wir den heiligen Geist BuxWV 208,Baroque,Orgue,
Clavier,Buxtehude D.,Ciacona en do mineur BuxWV 159,Baroque,Orgue,
Clavier,Buxtehude D.,Wie schön leuchtet der Morgenstern BuxWV 223,Baroque,Orgue,
Clavier,Buxtehude D.,Passacaglia en ré mineur BuxWV 161,Baroque,Orgue,
Clavier,Buxtehude D.,Prélude et Chaconne en do majeur BuxWV 137,Baroque,Orgue,
Clavier,Buxtehude D.,Prélude et Fugue en ré majeur BuxWV 139,Baroque,Orgue,
Clavier,Buxtehude D.,Prélude en do majeur BuxWV 136,Baroque,Orgue,
Clavier,Buxtehude D.,Toccata en sol majeur BuxWV 164,Baroque,Clavecin,
Cantate,Buxtehude D.,Der Herr ist mit mir ,Baroque,Chœur et instruments,
Cantate,Buxtehude D.,Befiehl dem Engel,Baroque,Chœur et instruments,
Motet,Couillart D.,Viri Galilaei,Renaissance,Chœur a capella,
Clavier,Granato D.,Toccata brève,Moderne,Orgue,
Musique d'ensemble,Sampson D.,The Mysteries Remain,Contemporain,Chant et orgue,
Clavier,Scarlatti D.,Sonate en sol majeur K. 328,Baroque,Orgue,
Clavier,Scarlatti D.,Sonate en ré majeur K. 287,Baroque,Orgue,
Clavier,Scarlatti D.,Sonate en ré majeur K. 288,Baroque,Orgue,
Motet,Scarlatti D.,Iste confessor,Baroque,Chœur et orgue,
Clavier,Zipoli D.,Diverses pièces,Baroque,Orgue,
Motet,Di Lasso O.,"Adoramus te, Christe",Renaissance,Chœur et instruments,
Motet,Di Lasso O.,Agimus tibi gratias,Renaissance,Chœur et instruments,
Motet,Di Lasso O.,"Alleluia, laus et gloria",Renaissance,Chœur et instruments,
Motet,Di Lasso O.,Ad te perenne gaudium,Renaissance,Chœur et instruments,
Motet,Di Lasso O.,Anima mea liquefacta est,Renaissance,Chœur et instruments,
Motet,Di Lasso O.,Animam meam dilectam,Renaissance,Chœur et instruments,
Clavier,Batiste E.,Diverses pièces,Romantique,Orgue,
Clavier,Bossi E.,Scherzo en sol mineur op.49/2,Romantique,Orgue,
Motet,Elgar E.,Ave verum,Romantique,Chœur et orgue,
Clavier,Elgar E.,Vesper Voluntaries op.14/3,Romantique,Orgue,
Motet,Gillioz E.,Gloria,Contemporain,Chœur a capella,
Motet,Anerio F.,Beatus vir,Renaissance,Chœur a capella,
Motet,Couperin F.,"Jubilemus, exultemus",Baroque,Chœur et instruments,
Clavier,Couperin F.,Messe solennelle à l'usage des paroisses,Baroque,Orgue,
Clavier,Couperin F.,Messe à l'usage des couvents,Baroque,Orgue,
Musique d'ensemble,Geminiani F.,Sonate no2 en ré mineur op.5,Baroque,Violoncelle et orgue,
Motet,Guerrero F.,Rorate caeli,Renaissance,Chœur a capella,
Musique d'ensemble,Kreisler F.,Prélude et Allegro,Moderne,Violon et orgue,
Clavier,Liszt F.,Pio IX (Papsthymnus),Romantique,Orgue,
Clavier,Liszt F.,Ein feste Burg ist unser Gott,Romantique,Orgue,
Motet,Mendelssohn F.,Verleih uns Frieden,Romantique,Chœur et instruments,
Clavier,Mendelssohn F.,Sonate pour orgue en la majeur op.65/3,Romantique,Orgue,
Clavier,Mendelssohn F.,Sonate pour orgue en si bémol majeur op.65/4,Romantique,Orgue,
Clavier,Mendelssohn F.,Sonate pour orgue en ré mineur op.65/6,Romantique,Orgue,
Clavier,Mendelssohn F.,Prélude et Fugue en do mineur op. 37/1,Baroque,Orgue,
Clavier,Mendelssohn F.,Prélude et Fugue en sol majeur op. 37/2,Romantique,Orgue,
Motet,Mendelssohn F.,Zum Abendsegen,Romantique,Chœur a capella,
Musique d'ensemble,Schubert F.,Ave Maria,Romantique,Chant et orgue,
Motet,Schubert F.,Chor der Engel,Romantique,Chœur a capella,
Motet,Soriano F.,Alma Redemptoris Mater,Renaissance,Chœur a capella,
Motet,Soriano F.,Ave Regina coelorum,Renaissance,Chœur a capella,
Cantate,Tunder F.,Dominus Illuminatio mea,Baroque,Chœur et instruments,
Clavier,Tunder F.,"Jesus Christus, unser Heiland",Baroque,Orgue,
Clavier,De Arauxo F.C.,Tres glosas,Baroque,Orgue,
Motet,Aichinger G.,Regina caeli,Renaissance,Chœur a capella,
Motet,Battistini G.,Gaudeamus omnes,Renaissance,Chœur a capella,
Clavier,Böhm G.,Prélude et Fugue en do majeur,Baroque,Orgue,
Clavier,Böhm G.,Vater unser im Himmelreich,Baroque,Orgue,
Clavier,Böhm G.,Partita sur Jesu du bist allzu schöne,Baroque,Orgue,
Clavier,Böhm G.,Suite en fa mineur,Baroque,Clavecin,
Clavier,Cavazzoni G.,Canzon sopra Falt d'argens,Renaissance,Orgue,
Clavier,Cavazzoni G.,Canzon sopra i le bel e bon,Renaissance,Orgue,
Motet,Croce G.,O vos omnes,Renaissance,Chœur a capella,
Motet,Croce G.,Cantate Domino,Renaissance,Chœur a capella,
Clavier,De Macques G.,Cappricio sopra re fa mi sol,Renaissance,Orgue,
Musique d'ensemble,Delerue G.,Concerto de l'Adieu,Moderne,Violon et orgue,
Clavier,Diruta G.,Toccata di grado del primo tono,Renaissance,Orgue,
Oratorio,Fauré F.,Requiem op. 48,Romantique,Chœur et instruments,
Motet,Fauré F.,Cantique de Jean Racine op.11,Romantique,Chœur et orgue,
Musique d'ensemble,Fauré F.,Berceuse op.16,Romantique,Violoncelle et orgue,
Clavier,Frescobaldi G.,Fiori musicali,Baroque,Orgue,
Clavier,Frescobaldi G.,Aria detta Frescobalda,Baroque,Clavecin,
Clavier,Frescobaldi G.,Canzona quarta (2ème livre de toccatas),Baroque,Clavecin,
Clavier,Frescobaldi G.,Toccata prima (du 2ème livre),Baroque,Clavecin,
Messe,Frescobaldi G.,Messa sopra l'aria della Monica,Baroque,Chœur et instruments,
Clavier,Frescobaldi G.,Toccata secunda (2ème Livre),Baroque,Clavecin,
Clavier,Frescobaldi G.,Toccata quinta (2ème Livre),Baroque,Orgue,
Motet,Gabrieli G.,O magnum mysterium,Renaissance,Chœur et instruments,
Clavier,Morandi G.,Rondo con imitazione de campanelli,Romantique,Orgue,
Clavier,Muffat G.,Toccata secunda,Baroque,Orgue,
Motet,Anerio G.F.,Rorate caeli,Baroque,Chœur et instruments,
Motet,Anerio G F. ,Magi ab oriente venerunt,Baroque,Chœur et instruments,
Oratorio,Haendel G.F.,Messie HWV 56,Baroque,Chœur et instruments,
Musique d'ensemble,Haendel G.F.,Concerto pour orgue op. 4/6 HWV 290,Baroque,Ensemble instrumental,
Clavier,Haendel G.F.,Suite no2 en fa majeur HWV 427,Baroque,Clavecin,
Musique d'ensemble,Haendel G.F.,Concerto pour orgue en si bémol majeur op.4/2 HWV 290,,Ensemble instrumental,
Motet,Nanino G.M.,Hodie Christus natus est,Renaissance,Chœur et instruments,
Motet,Nanino G.M.,Hodie nobis caelorum rex,Renaissance,Chœur et instruments,
Motet,Nanino G.M.,Magnificat a 8,Renaissance,Chœur et instruments,
Motet,Nanino G.M.,Sancta et immaculata,Renaissance,Chœur et instruments,
Motet,Nanino G.M.,Verbum caro factum est,Renaissance,Chœur et instruments,
Motet,Palestrina G.P.,Sicut cervus,Renaissance,Chœur a capella,
Motet,Palestrina G.P.,O Crux ave,Renaissance,Chœur a capella,
Motet,Palestrina G.P.,Regina caeli,Renaissance,Chœur a capella,
Messe,Palestrina G.P.,Missa brevis,Renaissance,Chœur a capella,
Cantate,Telemann G.P.,Schmecket und sehet,Baroque,Chœur et instruments,
Motet,Telemann G.P.,"Es segne uns Gott, unser Herr",Baroque,Chœur et instruments,
Cantate,Telemann G.P.,Gott der Hoffnung erfülle euch BWV 218,Baroque,Chœur et instruments,Cantate de Telemann attribuée autrefois à Bach
Clavier,Buchner H.,Quem terra pontus,Renaissance,Orgue,
Clavier,Buchner H.,Gloria Cunctipotens Genitor Deus ,Renaissance,Orgue,
Oratorio,Du Mont H.,Magnificat,Baroque,Chœur et instruments,
Motet,Isaac H.,"Alleluia, Assumpta est Maria",Renaissance,Chœur a capella,
Motet,Purcell H.,Three short Anthems,Baroque,Chœur et orgue,
Motet,Purcell H.,Musique pour les funérailles de la Reine Mary,Baroque,Chœur et orgue,
Motet,Purcell H.,Nunc dimittis,Baroque,Chœur et orgue,
Clavier,Purcell H.,Prélude en sol majeur,Baroque,Orgue,
Clavier,Purcell H.,Voluntary sur le Psaume 100,Baroque,Orgue,
Clavier,Scheidemann H.,Galliarda en ré mineur,Baroque,Clavecin,
Motet,Schütz H.,Singet dem Herrn ein neues Lied,Baroque,Chœur et instruments,
Musique d'ensemble,Wieniawski H.,Carnaval russe op.11,Romantique,Violon et orgue,
Motet,Hassler H.L.,Cantate Domino,Renaissance,Chœur a capella,
Motet,Hassler H.L.,Dixit Maria,Renaissance,Chœur a capella,
Motet,Hassler H.L.,Qui laudat Dominum,Renaissance,Chœur a capella,
Motet,Hassler H.L.,Beata es Virgo Maria,Renaissance,Chœur a capella,
Musique d'ensemble,Schilling H.L.,Canzona über Christ ist erstanden,Contemporain,Trompette et orgue,
Musique d'ensemble,Albeniz I.,Asturias,Romantique,Violon et orgue,
Clavier,Alain J.,Litanies,Moderne,Orgue,
Clavier,Alain J.,Le Jardin suspendu,Moderne,Orgue,
Clavier,Alain J.,Variations sur le Lucis Creator,Moderne,Orgue,
Clavier,Alain J.,Choral cistercien,Moderne,Orgue,
Clavier,Alain J.,Choral dorien,Moderne,Orgue,
Motet,Arcadelt J.,Ave Maria,Renaissance,Chœur a capella,
Chanson,Bovet J.,La fanfare du printemps,Moderne,Chœur a capella,
Clavier,Brahms J.,11 Chorals pour orgue op. 122,Romantique,Orgue,
Clavier,Brahms J.,Prélude et Fugue en la mineur WoO 9,Romantique,Orgue,
Clavier,Bull J.,Christe Redemptor omnium,Renaissance,Orgue,
Clavier,Bull J.,Gloria tibi trinitatis,Renaissance,Orgue,
Musique d'ensemble,Daetwyler J.,Concerto pour trompette et orgue,Moderne,Trompette et orgue,
Clavier,Daetwyler J.,Poème et Fugue,Moderne,Orgue,
Clavier,Demessieux J.,Rorate caeli,Moderne,Orgue,
Motet,Desprez J.,In te Domine speravi,Renaissance,Chœur a capella,
Motet,Eccard J.,Übers Gebirf Maria,Renaissance,Chœur a capella,
Messe,Haydn J.,Missa brevis en fa majeur Hob. XXII:1,Classique,Chœur et instruments,
Messe,Haydn J.,Missa brevis en si bémol majeur Hob. XXII:7,Classique,Chœur et instruments,
Clavier,Kerll J.K.,Passacaglia,Baroque,Orgue,
Clavier,Kerll J.K.,Battaglia,Baroque,Orgue,
Clavier,Hanff J.N.,Chorals,Baroque,Orgue,
Clavier,Pachelbel J.,"Was Gott tut, das ist wohlgetan",Baroque,Orgue,
Cantate,Pachelbel J.,"Jauchzet dem Herrn, alle Welt ",Baroque,Chœur et instruments,
Oratorio,Pachelbel J.,Magnificat en ré majeur,Baroque,Chœur et orgue,
Clavier,Pachelbel J.,Chaconne en fa mineur,Baroque,Orgue,
Motet,Rheinberger J.,Regina caeli,Romantique,Chant et orgue,
Clavier,Rheinberger J.,Diverses pièces,Romantique,Orgue,
Motet,Rosenmüller J.,"Wahrlich, ich sage euch",Baroque,Chœur et instruments,
Clavier,Stanley J.,Voluntary en ré mineur,Baroque,Orgue,
Clavier,Stanley J.,Voluntary en ré majeur,Baroque,Orgue,
Clavier,Titelouze J.,Magnificat octavi toni,Baroque,Orgue,
Clavier,Titelouze J.,Veni Creator,Baroque,Orgue,
Musique d'ensemble,Williams J.,Liste de Schindler,Contemporain,Violon et orgue,
Composition,Waeber J.-D.,Messe du Christ-Roi,Contemporain,Chœur et instruments,
Composition,Waeber J.-D.,Messe Cum Jubilo,Contemporain,Chœur et instruments,
Composition,Waeber J.-D.,Messe de la Sainte-Croix,Contemporain,Chœur et instruments,
Composition,Waeber J.-D.,Messe Lumière du ciel,Contemporain,Chœur et orgue,Disponible aux Éditions musicales Henry Labatiaz
Composition,Waeber J.-D.,Messe St-Léonard de Noblat,Contemporain,Chœur et orgue,Disponible aux Éditions musicales Henry Labatiaz
Composition,Waeber J.-D.,Hymne au Christ-Roi,Contemporain,Chœur et orgue,Disponible aux Éditions musicales Henry Labatiaz
Composition,Waeber J.-D.,Un peu de dispute,Contemporain,Chœur a capella,Disponible aux Éditions musicales Henry Labatiaz
Clavier,Dandrieu J.-F.,Offertoire pour le jour de Pâques,Baroque,Orgue,
Clavier,Beauvarlet-Chaprentier J.-J.,Offertoire,Classique,Orgue,
Oratorio,Hasse J.A.,Miserere en do mineur,Baroque,Chœur et instruments,
Motet,Bach J.C.,Lieber Herr Gott,Baroque,Chœur et instruments,
Motet,Fischer J.C.,Dixit Dominus,Baroque,Chœur et instruments,
Clavier,Fischer J.C. F.,Ciaconna in F,Baroque,Orgue,
Clavier,Walther J.G.,Concerto en si mineur ,Baroque,Orgue,
Clavier,Froberger J.J,Cappricio in G,Baroque,Orgue,
Clavier,Froberger J.J,Toccata da sonarsi alla Levatione,Baroque,Orgue,
Motet,Aiblinger J.K,Ad te levavi,Romantique,Chœur et orgue,
Musique d'ensemble,Krebs J.L.,"Wachet auf, ruft uns die Stimme",Baroque,Trompette et orgue,
Clavier,Krebs J.L.,"Fantaisie sur Freu dich sehr, o meine Seele",Baroque,Orgue,
Motet,Bach J.M.,Fürchet euch nicht,Baroque,Chœur et instruments,
Clavier,Sweelinck J.P.,Pavana lacrimae,Baroque,Clavecin,
Clavier,Sweelinck J.P.,Mein junges Leben hat ein end,Baroque,Clavecin,
Clavier,Sweelinck J.P.,Dies sind die heil'gen zehn Gebot',Baroque,Orgue,
Clavier,Sweelinck J.P.,Est-ce mars,Baroque,Clavecin,
Clavier,Sweelinck J.P.,Toccata en sol majeur,Baroque,Orgue,
Clavier,Sweelinck J.P.,Unter der Linden grüne,Baroque,Clavecin,
Clavier,Sweelinck J.P.,Ballo del granduca,Baroque,Clavecin,
Clavier,Bach J.S.,Nun komm der Heiden Heiland BWV 599,Baroque,Orgue,
Clavier,Bach J.S.,"Komm, Gott Schöpfer, Heiliger Geist BWV  667",Baroque,Orgue,
Clavier,Bach J.S.,Partita no 1,Baroque,Clavecin,
Clavier,Bach J.S.,Prélude et Fugue en sol majeur BWV 541,Baroque,Orgue,
Clavier,Bach J.S.,Aria variata alla maniera italiana BWV 989,Baroque,Clavecin,
Clavier,Bach J.S.,Concerto en ré mineur BWV 596,Baroque,Orgue,
Clavier,Bach J.S.,Pastorale BWV 590,Baroque,Orgue,
Clavier,Bach J.S.,"Toccata, Adagio et Fugue en do majeur BWV 564",Baroque,Orgue,
Clavier,Bach J.S.,Orgelbüchlein,Baroque,Orgue,
Clavier,Bach J.S.,Clavierübung 3ème partie,Baroque,Orgue,
Clavier,Bach J.S.,Sonate en trio en mib majeur BWV 525,Baroque,Orgue,
Clavier,Bach J.S.,Sonate en trio en do mineur BWV 526,Baroque,Orgue,
Clavier,Bach J.S.,Sonate en trio en ré mineur BWV 527,Baroque,Orgue,
Clavier,Bach J.S.,Sonate en trio en mi mineur BWV 528,Baroque,Orgue,
Clavier,Bach J.S.,Sonate en trio en do majeur BWV 529,Baroque,Orgue,
Clavier,Bach J.S.,Concerto en ré mineurBWV 974,Baroque,Clavecin,
Clavier,Bach J.S.,Meine Seele erhebet den Herrn BWV 733,Baroque,Orgue,
Musique d'ensemble,Bach J.S.,Concerto en mi majeur BWV 1042,Baroque,Violon et orgue,
Clavier,Bach J.S.,Prélude et Fugue en mi mineur BWV 548,Baroque,Orgue,
Clavier,Bach J.S.,Pièce d'orgue BWV 572,Baroque,Orgue,
Clavier,Bach J.S.,Prélude et Fugue en la mineur BWV 543,Baroque,Orgue,
Clavier,Bach J.S.,"Schmücke dich, o liebe Seele BWV 564",Baroque,Orgue,
Clavier,Bach J.S.,An Wasserflüssen Babylon BWV 653,Baroque,Orgue,
Clavier,Bach J.S.,Prélude et Fugue en ré mineur BWV 539,Baroque,Orgue,
Clavier,Bach J.S.,6 Chorals Schübler BWV 645-650,Baroque,Orgue,
Clavier,Bach J.S.,Fantaisie et Fugue en sol mineur BWV 542,Baroque,Orgue,
Musique d'ensemble,Bach J.S.,Sonate en sol majeur BWV 1027,Baroque,Violoncelle et orgue,
Clavier,Bach J.S.,Herzlich tut mich verlangen BWV 727,Baroque,Orgue,
Clavier,Bach J.S.,"Erbarm dich mein, o Herre Gott BWV 721",Baroque,Orgue,
Clavier,Bach J.S.,Toccata et Fugue en ré mineur BWV 565,Baroque,Orgue,
Clavier,Bach J.S.,"Partita sur Gott, du frommer Gott BWV 767",Baroque,Orgue,
Musique d'ensemble,Bach J.S.,Concerto pour violon en la mineur BWV 1041,Baroque,Violon et orgue,
Oratorio,Bach J.S.,Oratorio de Noël BWV 248,Baroque,Chœur et instruments,"Herrscher des Himmels, erhören das Lallen"
Cantate,Bach J.S.,"Nach dir, Herr, verlanget mich, BWV 150",Baroque,Chœur et instruments,
Clavier,Bach J.S.,Passacaille et Fugue en do mineur BWV 582,Baroque,Orgue,
Cantate,Bach J.S.,Mein Herze Schwimmt im Blut BWV 199,Baroque,Chœur et instruments,
Cantate,Bach J.S.,Sie werden aus Saba alle kommen BWV 65,Baroque,Chœur et instruments,
Cantate,Bach J.S.,Ich habe genug BWV 82,Baroque,Chœur et instruments,
Cantate,Bach J.S.,Was willst du dich betrüben BWV 107,Baroque,Chœur et instruments,
Cantate,Bach J.S.,"Wer sich selbst erhöhet, der soll erniedriget warden BWV 47",Baroque,Chœur et instruments,
Cantate,Bach J.S.,Nun ist das Heil und die Kraft BWV 50,Baroque,Chœur et instruments,
Cantate,Bach J.S.,Widerestehe doch der Sünde BWV 54,Baroque,Chœur et instruments,
Cantate,Bach J.S.,"Gelobet sei der Herre, mein Gott BWV 129",Baroque,Chœur et instruments,
Cantate,Bach J.S.,"Siehe zu, dass deine Gottesfurcht nicht Heuchelei sei BWV 179",Baroque,Chœur et instruments,
Cantate,Bach J.S.,"Herr Gott, dich loben alle wir BWV 130",Baroque,Chœur et instruments,
Cantate,Bach J.S.,Erfreute Zeit im neuen Bunde BWV 83,Baroque,Chœur et instruments,
Cantate,Bach J.S.,"Nun komm, der Heiden Heiland BWV 62",Baroque,Chœur et instruments,
Cantate,Bach J.S.,"Ihr Menschen, rühmet Gottes Liebe BWV 167",Baroque,Chœur et instruments,
Cantate,Bach J.S.,Bringet dem Herrn Ehre seines Namens BWV 148,Baroque,Chœur et instruments,
Cantate,Bach J.S.,Geist und Seele wird verwirret BWV 35,Baroque,Chœur et instruments,
Cantate,Bach J.S.,Ihr Tore zu Zion BWV 193,Baroque,Chœur et instruments,
Cantate,Bach J.S.,Wer da gläubet und getauft wird BWV 37,Baroque,Chœur et instruments,
Cantate,Bach J.S.,"Gott, wie dein Name, so ist auch dein Ruhm BWV 171",Baroque,Chœur et instruments,
Cantate,Bach J.S.,Es ist ein trotzig und verzagt Ding BWV 176,Baroque,Chœur et instruments,
Cantate,Bach J.S.,Es wartet alles auf dich BWV 187,Baroque,Chœur et instruments,
Cantate,Bach J.S.,"Lobe den Herren, den mächtigen König der Ehren BWV 137",Baroque,Chœur et instruments,
Cantate,Bach J.S.,Herz und Mund und Tat und Leben BWV 147,Baroque,Chœur et instruments,
Cantate,Bach J.S.,"Ich glaube, lieber Herr, hilf meinem Unglauben! BWV 109",Baroque,Chœur et instruments,
Cantate,Bach J.S.,"O Ewigkeit, du Donnerwort  BWV 20",Baroque,Chœur et instruments,
Cantate,Bach J.S.,Ich bin ein guter Hirt BWV 85,Baroque,Chœur et instruments,
Cantate,Bach J.S.,Der Himmel lacht! Die Erde jubilieret BWV 31,Baroque,Chœur et instruments,
Cantate,Bach J.S.,"Was Gott tut, das ist wohlgetan BWV 98",Baroque,Chœur et instruments,
Cantate,Bach J.S.,"Was Gott tut, das ist wohlgetan BWV 100",Baroque,Chœur et instruments,
Cantate,Bach J.S.,"Erforsche mich, Gott, und erfahre mein Herz BWV 136",Baroque,Chœur et instruments,
Cantate,Bach J.S.,Das ist je gewißlich wahr BWV 141,Baroque,Chœur et instruments,Cantate de Telemann attribuée autrefois à Bach
Cantate,Bach J.S.,Gott ist unsre Zuversicht BWV 197,Baroque,Chœur et instruments,
Motet,Bach J.S.,"O Jesu Christ, meins Lebens Licht BWV 118",Baroque,Chœur et instruments,
Cantate,Bach J.S.,"Herr Jesu Christ, du höchstes Gut BWV 113",Baroque,Chœur et instruments,
Cantate,Bach J.S.,"Du sollst Gott, deinen Herren, lieben BWV 77",Baroque,Chœur et instruments,
Cantate,Bach J.S.,"Wohl dem, der sich auf seinen Gott BWV 139",Baroque,Chœur et instruments,
Cantate,Bach J.S.,"Allein zu dir, Herr Jesu Christ BWV 33",Baroque,Chœur et instruments,
Cantate,Bach J.S.,Schwingt freudig euch empor BWV 36,Baroque,Chœur et instruments,
Cantate,Bach J.S.,Christ unser Herr zum Jordan kam BWV 7,Baroque,Chœur et instruments,
Cantate,Bach J.S.,Alles nur nach Gottes Willen BWV 72,Baroque,Chœur et instruments,
Motet,Bach J.S.,"Jesu, meine Freude BWV 227",Baroque,Chœur et instruments,
Cantate,Bach J.S.,"Erfreut euch, ihr Herzen BWV 66",Baroque,Chœur et instruments,
Cantate,Bach J.S.,Auf Christi Himmelfahrt allein BWV 128,Baroque,Chœur et instruments,
Cantate,Bach J.S.,Man singet mit Freuden vom Sieg BWV 149,Baroque,Chœur et instruments,
Clavier,Bach J.S.,Toccata et Fugue en ré mineur BWV 538,Baroque,Orgue,
Clavier,Bach J.S.,Concerto en sol majeur BWV 592,Baroque,Orgue,
Clavier,Bach J.S.,Prélude et Fugue en do majeur BWV 547,Baroque,Orgue,
Motet,Arnsesen K.A.,Pie Jesu,Contemporain,Chant et orgue,
Oratorio,Arnsesen K.A.,Magnificat,Contemporain,Chœur et instruments,Extraits
Clavier,Boëllmann L.,Suite gothique op.25,Romantique,Orgue,
Clavier,Lefébure-Wély L.J.A.,Boléro de concert op.166,Romantique,Orgue,
Clavier,Lefébure-Wély L.J.A.,Sortie en mi bémol ,Romantique,Orgue,
Motet,Janacek L.,Veni Sancte spiritus,Moderne,Chœur a capella,
Clavier,Luzzaschi L.,Toccata del quarto tono,Renaissance,Orgue,
Clavier,Luzzaschi L.,Ricercare del primo tono,Renaissance,Orgue,
Motet,Marenzio L.,O Rex gloriae,Renaissance,Chœur a capella,
Motet,Marenzio L.,Hodie Christus natus est,Renaissance,Chœur et instruments,
Musique d'ensemble,Van Beethoven L.,Romance op.50,Romantique,Violon et orgue,
Clavier,Vierne L.,1ère Symphonies,Romantique,Orgue,Extraits
Clavier,Vierne L.,Carillon de Westminster,Romantique,Orgue,
Clavier,Daquin L.-C.,Noël suisse,Baroque,Orgue,
Clavier,Daquin L.-C.,Noël étranger,Baroque,Orgue,
Clavier,Clérembault L.-N.,2ème Suite pour orgue,Baroque,Orgue,
Motet,Lully J.-B.,Dixit Dominus,Baroque,Chœur et instruments,
Motet,Lully J.-B.,Laudate Pueri Dominum,Baroque,Chœur et instruments,
Motet,Lully J.-B.,O Dulcissime Domino,Baroque,Chœur et instruments,
Motet,Lully J.-B.,Salve Regina,Baroque,Chœur et instruments,
Clavier,Duruflé M.,Prélude à l'Introït de l'Epiphanie,Moderne,Orgue,
Clavier,Duruflé M.,Prélude et Fugue sur le nom d'Alain op. 7,Moderne,Orgue,
Motet,Duruflé M.,Notre Père,Moderne,Chœur a capella,
Motet,Duruflé M.,Quatre motets op.10,Moderne,Chœur a capella,
Motet,Haller M.,Justus ut palma,Romantique,Chœur a capella,
Motet,Haydn M.,Jesu Redemptor omnium,Classique,Chœur et orgue,
Motet,Haydn M.,Heiligste Nacht,Classique,Chœur a capella,
Motet,Hermesdorff M.,"Joseph, fili David",Romantique,Chœur a capella,
Motet,Lauridsen M.,O nata lux,Contemporain,Chœur a capella,
Motet,Reger M.,Unser lieben Frauen Traum,Romantique,Chœur a capella,
Clavier,Reger M.,Introduction et Passacaille en ré mineur,Romantique,Orgue,
Motet,Strokine M.,Slava v vychnih bogou,Romantique,Chœur a capella,
Clavier,Weckmann M.,Fantaisie en ré mineur,Baroque,Orgue,
Clavier,Weckmann M.,Toccata en ré mineur,Baroque,Orgue,
Clavier,Bruhns N.,Prélude en mi mineur,Baroque,Orgue,Le grand !
Messe,Cajeux N.,Missa brevis Misericordiæ Dei ,Contemporain,Chœur et instruments,
Clavier,De Grigny N.,A solis ortus cardine,Baroque,Orgue,
Clavier,De Grigny N.,Veni Creator,Baroque,Orgue,
Clavier,De Grigny N.,Ave Maris Stella,Baroque,Orgue,
Clavier,Gade N.,Trois pièces pour orgue op. 22,Romantique,Orgue,
Oratorio,Jommelli N.,Missa pro defunctis,Baroque,Chœur et instruments,
Oratorio,Jommelli N.,Te Deum,Baroque,Chœur et instruments,
Motet,Non Papa C.,Ascendit Deus,Renaissance,Chœur et instruments,
Messe,Di Lasso O.,Missa jäger,Renaissance,Chœur a capella,
Motet,Gjeilo O.,Northern Lights,Contemporain,Chœur a capella,
Motet,Lagger O.,Louez le Seigneur,Contemporain,Chœur a capella,
Clavier,Messiaen O.,Apparition de l'Eglise éternelle,Moderne,Orgue,
Clavier,Messiaen O.,L'Ascension,Moderne,Orgue,
Clavier,Messiaen O.,La Nativité du Seigneur,Moderne,Orgue,Extraits
Clavier,Davide P.,Sinfonia col tanto applaudito Inno populare,Romantique,Orgue,
Musique d'ensemble,De Sarasate P.,Fantaisie de Carmen op.25,Romantique,Violon et orgue,
Musique d'ensemble,Eben P.,Fenêtres,Contemporain,Trompette et orgue,
Clavier,Hindemith P.,Sonate no2 pour orgue,Moderne,Orgue,
Messe,Palestrina G.P.,Missa in Festis Apostolor,Renaissance,Chœur et instruments,Extrait
Motet,Palestrina G.P.,Ardens est cor meum,Renaissance,Chœur et instruments,
Motet,Palestrina G.P.,Apparuit caro suo Johanni,Renaissance,Chœur et instruments,
Clavier,Praetorius J.,Magnificat Quarti Toni,Baroque,Orgue,
Oratorio,Ropartz G.,Le miracle de Saint Nicolas,Moderne,Chœur et instruments,
Musique d'ensemble,Fredman s.,She walks in Beauty,Contemporain,Chant et orgue,
Clavier,Karg-Elert S.,Nun danket alle Gott,Moderne,Orgue,
Clavier,Prokoviev S.,Pierre et le loup op.67,Moderne,Orgue,Transcription
Clavier,Dubois T.,Toccata,Romantique,Orgue,
Motet,Dubois T.,"Adoramus te, Christe",Romantique,Chœur et orgue,
Clavier,Merula T.,Toccata e genus cromaticum,Renaissance,Clavecin,
Musique d'ensemble,Vitali T.A.,Chaconne,Baroque,Violon et orgue,
Motet,De Victoria T.L.,Répons de la -Semaine sainte,Renaissance,Chœur a capella,Extraits
Motet,De Victoria T.L.,Ave Maria,Renaissance,Chœur a capella,
Clavier,Aubertin V.,Te lucis ante terminum,Contemporain,Orgue,
Clavier,Lübeck V.,Prélude et Fugue en do mineur,Baroque,Orgue,
Messe,Rathgeber V.,Missa suavis est Dominus,Baroque,Chœur et instruments,
Messe,Rathgeber V.,Missa beati omnes,Baroque,Chœur et instruments,
Oratorio,Villard V.,"Eli, Eli, une passion",Contemporain,Chœur et instruments,
Motet,Vivaldi A.,Gloria RV 589,Baroque,Chœur et instruments,
Musique d'ensemble,Vivaldi A.,Concerto pour orgue et cordes RV 541,Baroque,Ensemble instrumental,
Motet,Vivaldi A.,Magnificat RV 611,Baroque,Chœur et instruments,
Motet,Vivaldi A.,Magnificat RV 610,Baroque,Chœur et instruments,
Motet,Vivaldi A.,Laetatus sum RV 607 ,Baroque,Chœur et instruments,
Clavier,Byrd W.,The Bells,Renaissance,Clavecin,
Motet,Byrd W.,Hodie beata Virgo Maria,Renaissance,Chœur a capella,
Clavier,Byrd W.,Galliardia,Renaissance,Clavecin,
Motet,Mozart W.A,Veni Sancte spiritus KV 47,Classique,Chœur et instruments,
Musique d'ensemble,Mozart W.A,Laudate Dominum KV 339,Classique,Chœur et instruments,
Motet,Mozart W.A,Sancta Maria KV 273,Classique,Chœur et instruments,
Motet,Mozart W.A,Ave verum,Classique,Chœur et instruments,
Messe,Mozart W.A,Grande messe en do mineur KV 427,Classique,Chœur et instruments,
Messe,Mozart W.A,Missa brevis en si bémol majeur KV 275,Classique,Chœur et instruments,
Oratorio,Mozart W.A,Te Deum,Classique,Chœur et instruments,
Oratorio,Mozart W.A,Alma Dei Creatoris,Classique,Chœur et instruments,
Motet,Kodaly Z.,Pange lingua,Moderne,Chœur et orgue,